time,value
2026-08-24T05:48:54.701Z,-0.741729736328125
2026-08-24T05:48:55.701Z,-0.7457427978515625
2026-08-24T05:48:56.703Z,-0.5718841552734375
2026-08-24T05:48:57.704Z,-0.771820068359375
2026-08-24T05:48:58.705Z,-0.690216064453125
2026-08-24T05:48:59.707Z,-0.7932281494140625
2026-08-24T05:49:00.709Z,-0.713531494140625
2026-08-24T05:49:01.71Z,-0.7004547119140625
2026-08-24T05:49:02.712Z,-0.7304534912109375
2026-08-24T05:49:03.713Z,-1.030731201171875
2026-08-24T05:49:04.715Z,-0.9480133056640625
2026-08-24T05:49:05.718Z,-0.9539337158203125
2026-08-24T05:49:06.718Z,-0.9283294677734375
2026-08-24T05:49:07.72Z,-0.9481964111328125
2026-08-24T05:49:08.722Z,-1.0042266845703125
2026-08-24T05:49:09.723Z,-1.0103759765625
2026-08-24T05:49:10.724Z,-1.0052947998046875
2026-08-24T05:49:11.726Z,-1.0059814453125
2026-08-24T05:49:12.727Z,-1.007843017578125
2026-08-24T05:49:13.729Z,-1.9976959228515625
2026-08-24T05:49:14.731Z,-0.76947021484375
2026-08-24T05:49:15.732Z,-0.729949951171875
2026-08-24T05:49:16.734Z,-0.6474761962890625
2026-08-24T05:49:17.735Z,-0.5305938720703125
2026-08-24T05:49:18.737Z,-0.5590667724609375
2026-08-24T05:49:19.738Z,-0.6979827880859375
2026-08-24T05:49:20.74Z,-0.858642578125
2026-08-24T05:49:21.742Z,-0.900909423828125
2026-08-24T05:49:22.743Z,-0.960296630859375
2026-08-24T05:49:23.745Z,-0.79510498046875
2026-08-24T05:49:24.746Z,-0.921356201171875
2026-08-24T05:49:25.748Z,-0.5628509521484375
2026-08-24T05:49:26.749Z,-0.8555450439453125
2026-08-24T05:49:27.751Z,-0.8940887451171875
2026-08-24T05:49:28.753Z,-1.00439453125
2026-08-24T05:49:29.754Z,-0.99005126953125
2026-08-24T05:49:30.755Z,-0.7948455810546875
2026-08-24T05:49:31.757Z,-0.8069610595703125
2026-08-24T05:49:32.758Z,-0.831024169921875
2026-08-24T05:49:33.76Z,-0.420257568359375
2026-08-24T05:49:34.761Z,-0.999603271484375
2026-08-24T05:49:35.763Z,-0.9257965087890625
2026-08-24T05:49:36.765Z,-0.80731201171875
2026-08-24T05:49:37.766Z,-0.866943359375
2026-08-24T05:49:38.768Z,-0.798858642578125
2026-08-24T05:49:39.769Z,-0.8037261962890625
2026-08-24T05:49:40.771Z,-0.9996337890625
2026-08-24T05:49:41.772Z,-0.794525146484375
2026-08-24T05:49:42.774Z,-0.68658447265625
2026-08-24T05:49:43.775Z,-0.7047576904296875
2026-08-24T05:49:44.777Z,-0.7047576904296875
2026-08-24T05:49:45.778Z,-0.744720458984375
2026-08-24T05:49:46.78Z,-0.6388092041015625
2026-08-24T05:49:47.819Z,-0.50286865234375
2026-08-24T05:49:48.835Z,-0.763214111328125
2026-08-24T05:49:49.851Z,-0.7133331298828125
2026-08-24T05:49:50.854Z,-0.77850341796875
2026-08-24T05:49:51.855Z,-0.7544097900390625
2026-08-24T05:49:52.857Z,-0.780242919921875
2026-08-24T05:49:53.858Z,-0.7935028076171875
2026-08-24T05:49:54.872Z,-0.789306640625
2026-08-24T05:49:55.886Z,-0.850006103515625
2026-08-24T05:49:56.9Z,-0.8307647705078125
2026-08-24T05:49:57.913Z,-0.8178253173828125
2026-08-24T05:49:58.918Z,-0.9028778076171875
2026-08-24T05:49:59.919Z,-1.389801025390625
2026-08-24T05:50:00.921Z,-1.0191192626953125
2026-08-24T05:50:01.923Z,-1.004852294921875
2026-08-24T05:50:02.924Z,-1.0074462890625
2026-08-24T05:50:03.926Z,-1.003265380859375
2026-08-24T05:50:04.927Z,-1.0081024169921875
2026-08-24T05:50:05.929Z,-1.0083465576171875
2026-08-24T05:50:06.93Z,-1.00653076171875
2026-08-24T05:50:07.932Z,-1.0063018798828125
2026-08-24T05:50:08.934Z,-1.0102386474609375
2026-08-24T05:50:09.935Z,-0.7403106689453125
2026-08-24T05:50:10.937Z,-0.66314697265625
2026-08-24T05:50:11.939Z,-0.6892242431640625
2026-08-24T05:50:12.941Z,-0.6997222900390625
2026-08-24T05:50:13.942Z,-0.69970703125
2026-08-24T05:50:14.943Z,-0.796142578125
2026-08-24T05:50:15.945Z,0.1589508056640625
2026-08-24T05:50:16.947Z,-1.399505615234375
2026-08-24T05:50:17.949Z,-0.648590087890625
2026-08-24T05:50:18.95Z,-0.7482452392578125
2026-08-24T05:50:19.952Z,-0.697662353515625
2026-08-24T05:50:20.957Z,-0.9857635498046875
2026-08-24T05:50:21.955Z,-0.83917236328125
2026-08-24T05:50:22.957Z,-0.8385009765625
2026-08-24T05:50:23.959Z,-0.9766082763671875
2026-08-24T05:50:24.96Z,-0.984619140625
2026-08-24T05:50:25.962Z,-0.9737701416015625
2026-08-24T05:50:26.964Z,-0.98388671875
2026-08-24T05:50:27.965Z,-0.987579345703125
2026-08-24T05:50:28.967Z,-0.987060546875
2026-08-24T05:50:29.968Z,-0.986785888671875
2026-08-24T05:50:30.97Z,-0.985626220703125
2026-08-24T05:50:31.971Z,-0.9841156005859375
2026-08-24T05:50:32.974Z,-0.9845123291015625
2026-08-24T05:50:33.975Z,-0.9842071533203125
2026-08-24T05:50:34.977Z,-0.1854400634765625
2026-08-24T05:50:35.979Z,-0.980255126953125
2026-08-24T05:50:36.981Z,-0.8451385498046875
2026-08-24T05:50:37.982Z,-0.9956512451171875
2026-08-24T05:50:38.984Z,-0.9877777099609375
2026-08-24T05:50:39.986Z,-0.9844818115234375
2026-08-24T05:50:40.987Z,-0.983642578125
2026-08-24T05:50:41.989Z,-0.98333740234375
2026-08-24T05:50:42.991Z,-0.9890289306640625
2026-08-24T05:50:43.992Z,-0.9841461181640625
2026-08-24T05:50:44.994Z,-0.9864349365234375
2026-08-24T05:50:45.995Z,-0.984954833984375
2026-08-24T05:50:46.997Z,-0.9844970703125
2026-08-24T05:50:47.999Z,-0.9852447509765625
2026-08-24T05:50:49.001Z,-0.9859771728515625
2026-08-24T05:50:50.003Z,-0.985565185546875
2026-08-24T05:50:51.004Z,0.0387420654296875
2026-08-24T05:50:52.006Z,-1.07012939453125
2026-08-24T05:50:53.007Z,-0.9943389892578125
2026-08-24T05:50:54.009Z,-0.9869232177734375
2026-08-24T05:50:55.011Z,-0.988189697265625
2026-08-24T05:50:56.012Z,-0.9896240234375
2026-08-24T05:50:57.014Z,-0.9896240234375
2026-08-24T05:50:58.016Z,-0.98760986328125
2026-08-24T05:50:59.017Z,-0.9890289306640625
2026-08-24T05:51:00.019Z,-0.9876861572265625
2026-08-24T05:51:01.021Z,-0.9871978759765625
2026-08-24T05:51:02.022Z,-0.988677978515625
2026-08-24T05:51:03.024Z,-0.9876251220703125
2026-08-24T05:51:04.025Z,-0.98883056640625
2026-08-24T05:51:05.027Z,-2.0037841796875
2026-08-24T05:51:06.029Z,-0.720733642578125
2026-08-24T05:51:07.031Z,-0.9915618896484375
2026-08-24T05:51:08.032Z,-0.9915924072265625
2026-08-24T05:51:09.034Z,-0.987457275390625
2026-08-24T05:51:10.036Z,-0.988067626953125
2026-08-24T05:51:11.037Z,-0.9917144775390625
2026-08-24T05:51:12.039Z,-0.9918975830078125
2026-08-24T05:51:13.04Z,-0.989471435546875
2026-08-24T05:51:14.043Z,-0.9894561767578125
2026-08-24T05:51:15.044Z,-0.98663330078125
2026-08-24T05:51:16.046Z,-0.9885406494140625
2026-08-24T05:51:17.047Z,-0.9881744384765625
2026-08-24T05:51:18.049Z,-0.9882965087890625
2026-08-24T05:51:19.051Z,-0.9889068603515625
2026-08-24T05:51:20.053Z,-0.24066162109375
2026-08-24T05:51:21.054Z,-0.9925994873046875
2026-08-24T05:51:22.057Z,-0.9903106689453125
2026-08-24T05:51:23.058Z,-0.98724365234375
2026-08-24T05:51:24.06Z,-0.98541259765625
2026-08-24T05:51:25.062Z,-0.9881439208984375
2026-08-24T05:51:26.063Z,-0.9884185791015625
2026-08-24T05:51:27.065Z,-0.9898529052734375
2026-08-24T05:51:28.067Z,-0.0088958740234375
2026-08-24T05:51:29.068Z,-0.5879669189453125
2026-08-24T05:51:30.07Z,-0.98114013671875
2026-08-24T05:51:31.071Z,-0.983245849609375
2026-08-24T05:51:32.074Z,-0.9852142333984375
2026-08-24T05:51:33.075Z,-0.982757568359375
2026-08-24T05:51:34.077Z,-0.982757568359375
2026-08-24T05:51:35.078Z,-0.9901885986328125
2026-08-24T05:51:36.079Z,-1.6836700439453125
2026-08-24T05:51:37.082Z,-0.795318603515625
2026-08-24T05:51:38.083Z,-0.7144927978515625
2026-08-24T05:51:39.085Z,-0.7327880859375
2026-08-24T05:51:40.087Z,-0.7437896728515625
2026-08-24T05:51:41.089Z,-0.712982177734375
2026-08-24T05:51:42.09Z,-0.7082977294921875
2026-08-24T05:51:43.092Z,-0.7073211669921875
2026-08-24T05:51:44.094Z,-0.7541046142578125
2026-08-24T05:51:45.095Z,-0.7568511962890625
2026-08-24T05:51:46.097Z,-1.027557373046875
2026-08-24T05:51:47.098Z,-1.006683349609375
2026-08-24T05:51:48.1Z,-0.979156494140625
2026-08-24T05:51:49.102Z,-0.9819488525390625
2026-08-24T05:51:50.104Z,-0.9837646484375
2026-08-24T05:51:51.106Z,-0.9866485595703125
2026-08-24T05:51:52.107Z,-0.99041748046875
2026-08-24T05:51:53.109Z,-0.98675537109375
2026-08-24T05:51:54.111Z,-0.9870452880859375
2026-08-24T05:51:55.113Z,-0.9879150390625
2026-08-24T05:51:56.114Z,-0.2046966552734375
2026-08-24T05:51:57.116Z,-1.0129547119140625
2026-08-24T05:51:58.118Z,-0.9865875244140625
2026-08-24T05:51:59.12Z,-0.98236083984375
2026-08-24T05:52:00.121Z,-0.9850921630859375
2026-08-24T05:52:01.123Z,-0.9866180419921875
2026-08-24T05:52:02.125Z,-0.986968994140625
2026-08-24T05:52:03.126Z,-0.984710693359375
2026-08-24T05:52:04.129Z,-0.9870758056640625
2026-08-24T05:52:05.13Z,-0.9859466552734375
2026-08-24T05:52:06.132Z,-0.982666015625
2026-08-24T05:52:07.134Z,-0.986663818359375
2026-08-24T05:52:08.136Z,-0.9857635498046875
2026-08-24T05:52:09.138Z,-0.98504638671875
2026-08-24T05:52:10.139Z,-0.9865875244140625
2026-08-24T05:52:11.141Z,-0.9864501953125
2026-08-24T05:52:12.143Z,-0.9884796142578125
2026-08-24T05:52:13.144Z,-0.9934844970703125
2026-08-24T05:52:14.146Z,-0.9696197509765625
2026-08-24T05:52:15.148Z,-0.909759521484375
2026-08-24T05:52:16.149Z,-0.689788818359375
2026-08-24T05:52:17.151Z,-0.9215087890625
2026-08-24T05:52:18.153Z,-0.847076416015625
2026-08-24T05:52:19.155Z,-0.93084716796875
2026-08-24T05:52:20.156Z,-0.9345855712890625
2026-08-24T05:52:21.158Z,-0.949462890625
2026-08-24T05:52:22.16Z,-0.855682373046875
2026-08-24T05:52:23.162Z,-0.9412689208984375
2026-08-24T05:52:24.164Z,-0.9293975830078125
2026-08-24T05:52:25.221Z,-0.876495361328125
2026-08-24T05:52:26.234Z,-0.884765625
2026-08-24T05:52:27.236Z,-0.899871826171875
2026-08-24T05:52:28.238Z,-0.849822998046875
2026-08-24T05:52:29.239Z,-0.4889068603515625
2026-08-24T05:52:30.241Z,-0.995513916015625
2026-08-24T05:52:31.243Z,-0.893890380859375
2026-08-24T05:52:32.245Z,-0.847686767578125
2026-08-24T05:52:33.246Z,-0.834197998046875
2026-08-24T05:52:34.248Z,-0.711639404296875
2026-08-24T05:52:35.25Z,-0.84228515625
2026-08-24T05:52:36.252Z,-0.990875244140625
2026-08-24T05:52:37.253Z,-0.9799957275390625
2026-08-24T05:52:38.255Z,-0.9805908203125
2026-08-24T05:52:39.257Z,-1.1732330322265625
2026-08-24T05:52:40.259Z,-0.96356201171875
2026-08-24T05:52:41.26Z,-0.9805908203125
2026-08-24T05:52:42.262Z,-0.985260009765625
2026-08-24T05:52:43.264Z,-0.97991943359375
2026-08-24T05:52:44.266Z,-0.9932098388671875
2026-08-24T05:52:45.267Z,-0.9859466552734375
2026-08-24T05:52:46.269Z,-0.980926513671875
2026-08-24T05:52:47.271Z,-0.9811248779296875
2026-08-24T05:52:48.272Z,-0.9860687255859375
2026-08-24T05:52:49.274Z,-0.9809417724609375
2026-08-24T05:52:50.276Z,-0.9821014404296875
2026-08-24T05:52:51.277Z,-0.9827117919921875
2026-08-24T05:52:52.279Z,-0.980712890625
2026-08-24T05:52:53.281Z,-0.9813995361328125
2026-08-24T05:52:54.283Z,-0.981658935546875
2026-08-24T05:52:55.285Z,-0.9759979248046875
2026-08-24T05:52:56.286Z,-1.360809326171875
2026-08-24T05:52:57.288Z,-0.93902587890625
2026-08-24T05:52:58.289Z,-0.98492431640625
2026-08-24T05:52:59.291Z,-0.9829864501953125
2026-08-24T05:53:00.293Z,-0.9801177978515625
2026-08-24T05:53:01.294Z,-0.9852142333984375
2026-08-24T05:53:02.296Z,-0.9852142333984375
2026-08-24T05:53:03.297Z,-0.981781005859375
2026-08-24T05:53:04.299Z,-0.9866485595703125
2026-08-24T05:53:05.301Z,-0.9854736328125
2026-08-24T05:53:06.303Z,-0.98577880859375
2026-08-24T05:53:07.305Z,-0.9852142333984375
2026-08-24T05:53:08.306Z,-0.986297607421875
2026-08-24T05:53:09.308Z,-0.9865264892578125
2026-08-24T05:53:10.309Z,-0.9841461181640625
2026-08-24T05:53:11.311Z,-0.9854736328125
2026-08-24T05:53:12.312Z,-0.987396240234375
2026-08-24T05:53:13.314Z,-0.98406982421875
2026-08-24T05:53:14.316Z,-0.9852752685546875
2026-08-24T05:53:15.318Z,-1.07049560546875
2026-08-24T05:53:16.319Z,-0.97821044921875
2026-08-24T05:53:17.321Z,-0.979461669921875
2026-08-24T05:53:18.322Z,-0.9829254150390625
2026-08-24T05:53:19.324Z,-0.9825592041015625
2026-08-24T05:53:20.326Z,-0.9825897216796875
2026-08-24T05:53:21.328Z,-0.9794464111328125
2026-08-24T05:53:22.329Z,-0.9836883544921875
2026-08-24T05:53:23.331Z,-0.982757568359375
2026-08-24T05:53:24.333Z,-1.5347442626953125
2026-08-24T05:53:25.335Z,-0.9747161865234375
2026-08-24T05:53:26.336Z,-0.97314453125
2026-08-24T05:53:27.338Z,-0.98651123046875
2026-08-24T05:53:28.34Z,-0.985626220703125
2026-08-24T05:53:29.341Z,-0.9864654541015625
2026-08-24T05:53:30.343Z,-0.9819488525390625
2026-08-24T05:53:31.345Z,-0.984375
2026-08-24T05:53:32.346Z,-1.3191680908203125
2026-08-24T05:53:33.348Z,-1.3191680908203125
2026-08-24T05:53:34.35Z,-0.946563720703125
2026-08-24T05:53:35.351Z,-0.9855804443359375
2026-08-24T05:53:36.353Z,-0.984527587890625
2026-08-24T05:53:37.355Z,-0.985443115234375
2026-08-24T05:53:38.356Z,-0.9860076904296875
2026-08-24T05:53:39.358Z,-0.9860076904296875
2026-08-24T05:53:40.36Z,-0.987060546875
2026-08-24T05:53:41.361Z,-0.9845733642578125
2026-08-24T05:53:42.363Z,-0.9848175048828125
2026-08-24T05:53:43.364Z,-0.9814300537109375
2026-08-24T05:53:44.367Z,-0.984588623046875
2026-08-24T05:53:45.368Z,-1.001007080078125
2026-08-24T05:53:46.37Z,-1.1288604736328125
2026-08-24T05:53:47.372Z,-0.98663330078125
2026-08-24T05:53:48.373Z,-0.9755096435546875
2026-08-24T05:53:49.374Z,-0.9900665283203125
2026-08-24T05:53:50.376Z,-0.9943389892578125
2026-08-24T05:53:51.378Z,-0.989532470703125
2026-08-24T05:53:52.38Z,-0.9893646240234375
2026-08-24T05:53:53.382Z,-1.5115814208984375
2026-08-24T05:53:54.383Z,-0.973846435546875
2026-08-24T05:53:55.385Z,-0.9899749755859375
2026-08-24T05:53:56.386Z,-1.0022125244140625
2026-08-24T05:53:57.388Z,-0.9925994873046875
2026-08-24T05:53:58.389Z,-0.9886474609375
2026-08-24T05:53:59.391Z,-0.9825286865234375
2026-08-24T05:54:00.393Z,-0.9825286865234375
2026-08-24T05:54:01.395Z,-0.9795684814453125
2026-08-24T05:54:02.396Z,-0.989013671875
2026-08-24T05:54:03.398Z,-0.98516845703125
2026-08-24T05:54:04.4Z,-0.9843292236328125
2026-08-24T05:54:05.401Z,-0.98419189453125
2026-08-24T05:54:06.403Z,-0.9852142333984375
2026-08-24T05:54:07.405Z,-0.985931396484375
2026-08-24T05:54:08.406Z,-0.9854736328125
2026-08-24T05:54:09.408Z,-0.9858245849609375
2026-08-24T05:54:10.41Z,-0.985626220703125
2026-08-24T05:54:11.412Z,-0.986297607421875
2026-08-24T05:54:12.413Z,-0.9857940673828125
2026-08-24T05:54:13.415Z,-0.9849395751953125
2026-08-24T05:54:14.417Z,-0.986602783203125
2026-08-24T05:54:15.418Z,-0.9855804443359375
2026-08-24T05:54:16.42Z,-0.985931396484375
2026-08-24T05:54:17.422Z,-0.9869842529296875
2026-08-24T05:54:18.423Z,-0.986541748046875
2026-08-24T05:54:19.425Z,-0.986968994140625
2026-08-24T05:54:20.427Z,-0.9857025146484375
2026-08-24T05:54:21.428Z,-0.9858245849609375
2026-08-24T05:54:22.43Z,-0.9856414794921875
2026-08-24T05:54:23.432Z,-0.985595703125
2026-08-24T05:54:24.434Z,-0.985565185546875
2026-08-24T05:54:25.435Z,-0.986541748046875
2026-08-24T05:54:26.437Z,-0.9859161376953125
2026-08-24T05:54:27.438Z,-0.9864349365234375
2026-08-24T05:54:28.44Z,-0.9858245849609375
2026-08-24T05:54:29.442Z,-0.986114501953125
2026-08-24T05:54:30.443Z,-0.9849853515625
2026-08-24T05:54:31.445Z,-0.985076904296875
2026-08-24T05:54:32.447Z,-0.98638916015625
2026-08-24T05:54:33.448Z,-0.9853363037109375
2026-08-24T05:54:34.45Z,-0.9857025146484375
2026-08-24T05:54:35.452Z,-0.985626220703125
2026-08-24T05:54:36.454Z,-0.9854278564453125
2026-08-24T05:54:37.456Z,-0.98638916015625
2026-08-24T05:54:38.457Z,-0.986083984375
2026-08-24T05:54:39.459Z,-0.985382080078125
2026-08-24T05:54:40.461Z,-0.9853057861328125
2026-08-24T05:54:41.463Z,-0.9849700927734375
2026-08-24T05:54:42.464Z,-0.984375
2026-08-24T05:54:43.466Z,-0.9850311279296875
2026-08-24T05:54:44.468Z,-0.9837646484375
2026-08-24T05:54:45.47Z,-0.984893798828125
2026-08-24T05:54:46.471Z,-0.9857330322265625
2026-08-24T05:54:47.475Z,-0.98480224609375
2026-08-24T05:54:48.475Z,-0.985809326171875
2026-08-24T05:54:49.477Z,-0.986785888671875
2026-08-24T05:54:50.479Z,-0.984954833984375
2026-08-24T05:54:51.48Z,-0.98486328125
2026-08-24T05:54:52.482Z,-0.985198974609375
2026-08-24T05:54:53.484Z,-0.984893798828125
2026-08-24T05:54:54.486Z,-0.9855194091796875
2026-08-24T05:54:55.488Z,-0.985626220703125
2026-08-24T05:54:56.49Z,-0.984771728515625
2026-08-24T05:54:57.491Z,-0.98492431640625
2026-08-24T05:54:58.493Z,-0.985931396484375
2026-08-24T05:54:59.495Z,-0.985076904296875
2026-08-24T05:55:00.497Z,-0.9853668212890625
2026-08-24T05:55:01.498Z,-0.984832763671875
2026-08-24T05:55:02.5Z,-0.985626220703125
2026-08-24T05:55:03.502Z,-0.9850616455078125
2026-08-24T05:55:04.504Z,-0.9842529296875
2026-08-24T05:55:05.505Z,-0.985015869140625
2026-08-24T05:55:06.507Z,-0.985992431640625
2026-08-24T05:55:07.509Z,-0.9857635498046875
2026-08-24T05:55:08.511Z,-0.985870361328125
2026-08-24T05:55:09.512Z,-0.98577880859375
2026-08-24T05:55:10.514Z,-0.985198974609375
2026-08-24T05:55:11.516Z,-0.9853515625
2026-08-24T05:55:12.517Z,-0.9856719970703125
2026-08-24T05:55:13.519Z,-0.986175537109375
2026-08-24T05:55:14.521Z,-0.9851226806640625
2026-08-24T05:55:15.523Z,-0.9856719970703125
2026-08-24T05:55:16.525Z,-0.9852447509765625
2026-08-24T05:55:17.526Z,-0.9859161376953125
2026-08-24T05:55:18.528Z,-0.9858856201171875
2026-08-24T05:55:19.529Z,-0.9862213134765625
2026-08-24T05:55:20.531Z,-0.984466552734375
2026-08-24T05:55:21.532Z,-0.985137939453125
2026-08-24T05:55:22.534Z,-0.985107421875
2026-08-24T05:55:23.536Z,-0.985321044921875
2026-08-24T05:55:24.538Z,-0.9854583740234375
2026-08-24T05:55:25.539Z,-0.98468017578125
2026-08-24T05:55:26.541Z,-0.986083984375
2026-08-24T05:55:27.543Z,-0.9866943359375
2026-08-24T05:55:28.544Z,-0.985382080078125
2026-08-24T05:55:29.546Z,-0.985809326171875
2026-08-24T05:55:30.548Z,-0.9844207763671875
2026-08-24T05:55:31.549Z,-0.9846343994140625
2026-08-24T05:55:32.551Z,-0.9856414794921875
2026-08-24T05:55:33.553Z,-0.9857330322265625
2026-08-24T05:55:34.555Z,-0.9849700927734375
2026-08-24T05:55:35.556Z,-0.985992431640625
2026-08-24T05:55:36.558Z,-0.9857635498046875
2026-08-24T05:55:37.56Z,-0.986328125
2026-08-24T05:55:38.561Z,-0.9864044189453125
2026-08-24T05:55:39.563Z,-0.9855499267578125
2026-08-24T05:55:40.565Z,-0.9853668212890625
2026-08-24T05:55:41.567Z,-0.985443115234375
2026-08-24T05:55:42.568Z,-0.98480224609375
2026-08-24T05:55:43.57Z,-0.9848175048828125
2026-08-24T05:55:44.572Z,-0.9854583740234375
2026-08-24T05:55:45.574Z,-0.9852752685546875
2026-08-24T05:55:46.575Z,-0.9869232177734375
2026-08-24T05:55:47.577Z,-0.9860992431640625
2026-08-24T05:55:48.579Z,-0.984954833984375
2026-08-24T05:55:49.581Z,-0.985748291015625
2026-08-24T05:55:50.582Z,-0.986358642578125
2026-08-24T05:55:51.584Z,-1.0088348388671875
2026-08-24T05:55:52.586Z,-1.2621002197265625
2026-08-24T05:55:53.587Z,1.292816162109375
2026-08-24T05:55:54.589Z,-0.5956268310546875
2026-08-24T05:55:55.591Z,-0.99749755859375
2026-08-24T05:55:56.592Z,-0.983306884765625
2026-08-24T05:55:57.594Z,-0.987548828125
2026-08-24T05:55:58.596Z,-0.9855804443359375
2026-08-24T05:55:59.598Z,-0.982513427734375
2026-08-24T05:56:00.599Z,-0.9864959716796875
2026-08-24T05:56:01.601Z,-0.9861602783203125
2026-08-24T05:56:02.603Z,-0.985382080078125
2026-08-24T05:56:03.605Z,-0.9853057861328125
2026-08-24T05:56:04.607Z,-0.9854583740234375
2026-08-24T05:56:05.608Z,-0.9856109619140625
2026-08-24T05:56:06.61Z,-0.4581756591796875
2026-08-24T05:56:07.614Z,-1.003326416015625
2026-08-24T05:56:08.613Z,-0.9916839599609375
2026-08-24T05:56:09.615Z,-0.9848785400390625
2026-08-24T05:56:10.617Z,-0.9877777099609375
2026-08-24T05:56:11.619Z,-0.98870849609375
2026-08-24T05:56:12.621Z,-0.98870849609375
2026-08-24T05:56:13.622Z,-0.98785400390625
2026-08-24T05:56:14.624Z,-0.9889678955078125
2026-08-24T05:56:15.626Z,-0.9874114990234375
2026-08-24T05:56:16.628Z,-0.9878997802734375
2026-08-24T05:56:17.629Z,-0.987945556640625
2026-08-24T05:56:18.631Z,-0.9881591796875
2026-08-24T05:56:19.633Z,-0.988525390625
2026-08-24T05:56:20.634Z,-0.992828369140625
2026-08-24T05:56:21.636Z,-2.37310791015625
2026-08-24T05:56:22.638Z,-0.9269561767578125
2026-08-24T05:56:23.642Z,-0.98797607421875
2026-08-24T05:56:24.642Z,-0.9869384765625
2026-08-24T05:56:25.643Z,-0.99090576171875
2026-08-24T05:56:26.645Z,-0.9900665283203125
2026-08-24T05:56:27.647Z,-0.9900665283203125
2026-08-24T05:56:28.648Z,-0.989959716796875
2026-08-24T05:56:29.65Z,-0.9913482666015625
2026-08-24T05:56:30.652Z,-0.989288330078125
2026-08-24T05:56:31.654Z,-0.9894561767578125
2026-08-24T05:56:32.656Z,-0.9888763427734375
2026-08-24T05:56:33.657Z,-0.9897918701171875
2026-08-24T05:56:34.66Z,-0.9891815185546875
2026-08-24T05:56:35.661Z,-0.9899749755859375
2026-08-24T05:56:36.663Z,-0.99090576171875
2026-08-24T05:56:37.665Z,-0.98931884765625
2026-08-24T05:56:38.667Z,-0.9895782470703125
2026-08-24T05:56:39.668Z,-0.9907684326171875
2026-08-24T05:56:40.67Z,-0.9905548095703125
2026-08-24T05:56:41.672Z,-0.989959716796875
2026-08-24T05:56:42.673Z,-0.989593505859375
2026-08-24T05:56:43.675Z,-0.9892120361328125
2026-08-24T05:56:44.677Z,-0.9889678955078125
2026-08-24T05:56:45.681Z,-0.9891204833984375
2026-08-24T05:56:46.681Z,-0.9904632568359375
2026-08-24T05:56:47.682Z,-0.9894561767578125
2026-08-24T05:56:48.684Z,-0.9901123046875
2026-08-24T05:56:49.686Z,-0.98956298828125
2026-08-24T05:56:50.687Z,-0.9886322021484375
2026-08-24T05:56:51.689Z,-0.9904937744140625
2026-08-24T05:56:52.691Z,-0.98895263671875
2026-08-24T05:56:53.693Z,-0.9885406494140625
2026-08-24T05:56:54.694Z,-0.989898681640625
2026-08-24T05:56:55.696Z,-0.9896392822265625
2026-08-24T05:56:56.698Z,-0.988189697265625
2026-08-24T05:56:57.699Z,-0.9884490966796875
2026-08-24T05:56:58.701Z,-0.9890594482421875
2026-08-24T05:56:59.703Z,-0.9899139404296875
2026-08-24T05:57:00.704Z,-0.988739013671875
2026-08-24T05:57:01.706Z,-0.98834228515625
2026-08-24T05:57:02.707Z,-0.988861083984375
2026-08-24T05:57:03.709Z,-0.9888458251953125
2026-08-24T05:57:04.711Z,-0.98907470703125
2026-08-24T05:57:05.713Z,-0.988861083984375
2026-08-24T05:57:06.715Z,-0.9899444580078125
2026-08-24T05:57:07.716Z,-0.98876953125
2026-08-24T05:57:08.718Z,-0.9900054931640625
2026-08-24T05:57:09.719Z,-0.9897003173828125
2026-08-24T05:57:10.721Z,-0.989593505859375
2026-08-24T05:57:11.723Z,-0.9891815185546875
2026-08-24T05:57:12.724Z,-0.989990234375
2026-08-24T05:57:13.727Z,-0.988983154296875
2026-08-24T05:57:14.728Z,-0.9901580810546875
2026-08-24T05:57:15.73Z,-0.989105224609375
2026-08-24T05:57:16.732Z,-0.973297119140625
2026-08-24T05:57:17.733Z,-0.9623260498046875
2026-08-24T05:57:18.735Z,-0.63623046875
2026-08-24T05:57:19.737Z,-1.0263671875
2026-08-24T05:57:20.739Z,-0.992950439453125
2026-08-24T05:57:21.74Z,-0.986175537109375
2026-08-24T05:57:22.742Z,-0.990264892578125
2026-08-24T05:57:23.744Z,-0.9904327392578125
2026-08-24T05:57:24.746Z,-0.9901580810546875
2026-08-24T05:57:25.748Z,-0.990142822265625
2026-08-24T05:57:26.749Z,-0.9912109375
2026-08-24T05:57:27.751Z,-0.9905548095703125
2026-08-24T05:57:28.753Z,-0.9906158447265625
2026-08-24T05:57:29.755Z,-0.989471435546875
2026-08-24T05:57:30.756Z,-0.990264892578125
2026-08-24T05:57:31.758Z,-0.98968505859375
2026-08-24T05:57:32.76Z,-0.9900665283203125
2026-08-24T05:57:33.761Z,-0.9903564453125
2026-08-24T05:57:34.763Z,-0.9901275634765625
2026-08-24T05:57:35.767Z,-0.9897003173828125
2026-08-24T05:57:36.767Z,-0.9900665283203125
2026-08-24T05:57:37.769Z,-0.9904022216796875
2026-08-24T05:57:38.77Z,-0.9899749755859375
2026-08-24T05:57:39.772Z,-0.9899444580078125
2026-08-24T05:57:40.774Z,-0.990692138671875
2026-08-24T05:57:41.775Z,-0.9896697998046875
2026-08-24T05:57:42.777Z,-0.9891510009765625
2026-08-24T05:57:43.779Z,-0.990936279296875
2026-08-24T05:57:44.781Z,-0.9902191162109375
2026-08-24T05:57:45.783Z,-0.9897308349609375
2026-08-24T05:57:46.784Z,-0.990081787109375
2026-08-24T05:57:47.786Z,-0.989715576171875
2026-08-24T05:57:48.788Z,-0.9903564453125
2026-08-24T05:57:49.789Z,-0.9913177490234375
2026-08-24T05:57:50.791Z,-0.9891510009765625
2026-08-24T05:57:51.793Z,-0.9900970458984375
2026-08-24T05:57:52.795Z,-0.9902496337890625
2026-08-24T05:57:53.797Z,-0.9897308349609375
2026-08-24T05:57:54.799Z,-0.990203857421875
2026-08-24T05:57:55.801Z,-0.9889373779296875
2026-08-24T05:57:56.803Z,-0.98931884765625
2026-08-24T05:57:57.804Z,-0.98968505859375
2026-08-24T05:57:58.806Z,-0.9905853271484375
2026-08-24T05:57:59.808Z,-0.9899139404296875
2026-08-24T05:58:00.809Z,-0.9893035888671875
2026-08-24T05:58:01.811Z,-0.9887847900390625
2026-08-24T05:58:02.813Z,-0.98944091796875
2026-08-24T05:58:03.815Z,-0.9897308349609375
2026-08-24T05:58:04.817Z,-0.9901885986328125
2026-08-24T05:58:05.819Z,-0.990020751953125
2026-08-24T05:58:06.821Z,-0.9897003173828125
2026-08-24T05:58:07.822Z,-0.9895477294921875
2026-08-24T05:58:08.824Z,-0.990234375
2026-08-24T05:58:09.826Z,-0.9904022216796875
2026-08-24T05:58:10.828Z,-0.98974609375
2026-08-24T05:58:11.829Z,-0.9897003173828125
2026-08-24T05:58:12.831Z,-0.9890899658203125
2026-08-24T05:58:13.833Z,-0.9897613525390625
2026-08-24T05:58:14.835Z,-0.990081787109375
2026-08-24T05:58:15.837Z,-0.988922119140625
2026-08-24T05:58:16.838Z,-0.9897308349609375
2026-08-24T05:58:17.84Z,-0.9892425537109375
2026-08-24T05:58:18.842Z,-0.9903411865234375
2026-08-24T05:58:19.843Z,-0.9898529052734375
2026-08-24T05:58:20.845Z,-0.9908905029296875
2026-08-24T05:58:21.847Z,-0.98944091796875
2026-08-24T05:58:22.848Z,-0.9892578125
2026-08-24T05:58:23.85Z,-0.9898834228515625
2026-08-24T05:58:24.852Z,-0.9886627197265625
2026-08-24T05:58:25.854Z,-0.9898834228515625
2026-08-24T05:58:26.856Z,-0.990478515625
2026-08-24T05:58:27.857Z,-0.990386962890625
2026-08-24T05:58:28.859Z,-0.990264892578125
2026-08-24T05:58:29.861Z,-0.989898681640625
2026-08-24T05:58:30.862Z,-0.989013671875
2026-08-24T05:58:31.864Z,-0.98907470703125
2026-08-24T05:58:32.866Z,-0.988739013671875
2026-08-24T05:58:33.868Z,-0.9891510009765625
2026-08-24T05:58:34.869Z,-0.990020751953125
2026-08-24T05:58:35.871Z,-0.9902496337890625
2026-08-24T05:58:36.873Z,-0.989654541015625
2026-08-24T05:58:37.875Z,-0.9898681640625
2026-08-24T05:58:38.876Z,-0.9899444580078125
2026-08-24T05:58:39.878Z,-0.99053955078125
2026-08-24T05:58:40.88Z,-0.9891510009765625
2026-08-24T05:58:41.881Z,-0.99041748046875
2026-08-24T05:58:42.883Z,-0.9886016845703125
2026-08-24T05:58:43.885Z,-0.98956298828125
2026-08-24T05:58:44.887Z,-0.990386962890625
2026-08-24T05:58:45.889Z,-0.989776611328125
2026-08-24T05:58:46.891Z,-0.9906158447265625
2026-08-24T05:58:47.892Z,-0.9901123046875
2026-08-24T05:58:48.894Z,-0.990692138671875
2026-08-24T05:58:49.896Z,-0.9893035888671875
2026-08-24T05:58:50.898Z,-0.9901123046875
2026-08-24T05:58:51.899Z,-0.989227294921875
2026-08-24T05:58:52.901Z,-0.989410400390625
2026-08-24T05:58:53.903Z,-0.0004425048828125
2026-08-24T05:58:54.905Z,-0.5297088623046875
2026-08-24T05:58:55.907Z,-1.0011444091796875
2026-08-24T05:58:56.909Z,-0.990081787109375
2026-08-24T05:58:57.91Z,-0.9874725341796875
2026-08-24T05:58:58.912Z,-0.9873809814453125
2026-08-24T05:58:59.914Z,-0.9873809814453125
2026-08-24T05:59:00.916Z,-0.98760986328125
2026-08-24T05:59:01.917Z,-0.9866485595703125
2026-08-24T05:59:02.919Z,-0.987579345703125
2026-08-24T05:59:03.921Z,-0.98724365234375
2026-08-24T05:59:04.923Z,-0.9879150390625
2026-08-24T05:59:05.925Z,-0.9864044189453125
2026-08-24T05:59:06.927Z,-0.9876556396484375
2026-08-24T05:59:07.928Z,-0.9872589111328125
2026-08-24T05:59:08.93Z,-0.986480712890625
2026-08-24T05:59:09.932Z,-0.984130859375
2026-08-24T05:59:10.933Z,-0.9887542724609375
2026-08-24T05:59:11.935Z,-0.9862823486328125
2026-08-24T05:59:12.937Z,-0.9883270263671875
2026-08-24T05:59:13.939Z,-0.9873046875
2026-08-24T05:59:14.941Z,-0.9864044189453125
2026-08-24T05:59:15.943Z,-0.9894561767578125
2026-08-24T05:59:16.944Z,-0.9871978759765625
2026-08-24T05:59:17.946Z,-0.9899444580078125
2026-08-24T05:59:18.948Z,-0.98870849609375
2026-08-24T05:59:19.95Z,-0.9878692626953125
2026-08-24T05:59:20.952Z,-0.987152099609375
2026-08-24T05:59:21.953Z,-0.9862823486328125
2026-08-24T05:59:22.955Z,-0.9839935302734375
2026-08-24T05:59:23.957Z,-0.986602783203125
2026-08-24T05:59:24.959Z,-0.9870147705078125
2026-08-24T05:59:25.961Z,-0.9879150390625
2026-08-24T05:59:26.963Z,-0.9847412109375
2026-08-24T05:59:27.964Z,-0.995635986328125
2026-08-24T05:59:28.966Z,-0.9869842529296875
2026-08-24T05:59:29.968Z,-0.987640380859375
2026-08-24T05:59:30.97Z,-0.986358642578125
2026-08-24T05:59:31.972Z,-0.98883056640625
2026-08-24T05:59:32.973Z,-0.9864654541015625
2026-08-24T05:59:33.976Z,-0.9870758056640625
